{
    "csiOverall": {
        "lastMonth": "-10",
        "highLow":"80/30",
        "value":65,
        "mapData":[
          {
            "latitue":1000,
            "longitude": 1000
          },
          {
            "latitue":2000,
            "longitude": 2000
          }
        ]
    },
    "csiVoice":{
        "value":50,
        "lastMonth":"-10",
        "highLow":"80/30",
        "mapData":[
          {
            "latitue":1000,
            "longitude": 1000
          },
          {
            "latitue":2000,
            "longitude": 2000
          }
        ]
    },
    "csiData":{
        "value":30,
        "lastMonth":"-10",
        "highLow":"80/30",
        "mapData":[
          {
            "latitue":1000,
            "longitude": 1000
          },
          {
            "latitue":2000,
            "longitude": 2000
          }
        ]
    }
}