{
   "mapData" :[
       {
           "region":" Region 1",
            "prefectures":[
                {
                    "pName" : "prefecture 1",
                    "dimos" : [
                        {
                            "dName": "dimos 1",
                            "value": 93.5
                        }
                    ]
                },
                {
                    "pName" : "prefecture 2",
                    "dimos" : [
                        {
                            "dName": "dimos 2",
                            "value": 93.5
                        }
                    ]
                }
            ]   
       },
       {
        "region":" Region 2",
         "prefectures":[
             {
                 "pName" : "prefecture 3",
                 "dimos" : [
                     {
                         "dName": "dimos 3",
                         "value": 93.5
                     }
                 ]
             },
             {
                 "pName" : "prefecture 4",
                 "dimos" : [
                     {
                         "dName": "dimos 4",
                         "value": 93.5
                     }
                 ]
             }
         ]   
    }
   ]
}