{
  "csi_value": 89,
  "chart_data": [
    {
      "xLabel": "2021-06-01",
      "csi_value": 82
    },
    {
      "xLabel": "2021-06-02",
      "csi_value": 97
    },
    {
      "xLabel": "2021-06-03",
      "csi_value": 77
    },
    {
      "xLabel": "2021-06-04",
      "csi_value": 76
    },
    {
      "xLabel": "2021-06-05",
      "csi_value": 73
    },
    {
      "xLabel": "2021-06-06",
      "csi_value": 71
    },
    {
      "xLabel": "2021-06-07",
      "csi_value": 80
    },
    {
      "xLabel": "2021-06-08",
      "csi_value": 75
    },
    {
      "xLabel": "2021-06-09",
      "csi_value": 87
    },
    {
      "xLabel": "2021-06-10",
      "csi_value": 74
    },
    {
      "xLabel": "2021-06-11",
      "csi_value": 59
    },
    {
      "xLabel": "2021-06-12",
      "csi_value": 75
    },
    {
      "xLabel": "2021-06-13",
      "csi_value": 75
    },
    {
      "xLabel": "2021-06-14",
      "csi_value": 87
    },
    {
      "xLabel": "2021-06-15",
      "csi_value": 69
    },
    {
      "xLabel": "2021-06-16",
      "csi_value": 88
    },
    {
      "xLabel": "2021-06-17",
      "csi_value": 80
    },
    {
      "xLabel": "2021-06-18",
      "csi_value": 80
    },
    {
      "xLabel": "2021-06-19",
      "csi_value": 79
    },
    {
      "xLabel": "2021-06-20",
      "csi_value": 66
    },
    {
      "xLabel": "2021-06-21",
      "csi_value": 77
    },
    {
      "xLabel": "2021-06-22",
      "csi_value": 78
    },
    {
      "xLabel": "2021-06-23",
      "csi_value": 70
    },
    {
      "xLabel": "2021-06-24",
      "csi_value": 63
    },
    {
      "xLabel": "2021-06-25",
      "csi_value": 65
    },
    {
      "xLabel": "2021-06-26",
      "csi_value": 68
    },
    {
      "xLabel": "2021-06-27",
      "csi_value": 97
    },
    {
      "xLabel": "2021-06-28",
      "csi_value": 88
    },
    {
      "xLabel": "2021-06-29",
      "csi_value": 74
    },
    {
      "xLabel": "2021-06-30",
      "csi_value": 69
    },
    {
      "xLabel": "2021-07-01",
      "csi_value": 79
    },
    {
      "xLabel": "2021-07-02",
      "csi_value": 95
    },
    {
      "xLabel": "2021-07-03",
      "csi_value": 83
    },
    {
      "xLabel": "2021-07-04",
      "csi_value": 75
    },
    {
      "xLabel": "2021-07-05",
      "csi_value": 64
    },
    {
      "xLabel": "2021-07-06",
      "csi_value": 65
    },
    {
      "xLabel": "2021-07-07",
      "csi_value": 79
    },
    {
      "xLabel": "2021-07-08",
      "csi_value": 70
    },
    {
      "xLabel": "2021-07-09",
      "csi_value": 69
    },
    {
      "xLabel": "2021-07-10",
      "csi_value": 69
    },
    {
      "xLabel": "2021-07-11",
      "csi_value": 69
    },
    {
      "xLabel": "2021-07-12",
      "csi_value": 63
    },
    {
      "xLabel": "2021-07-13",
      "csi_value": 81
    },
    {
      "xLabel": "2021-07-14",
      "csi_value": 70
    },
    {
      "xLabel": "2021-07-15",
      "csi_value": 71
    },
    {
      "xLabel": "2021-07-16",
      "csi_value": 77
    },
    {
      "xLabel": "2021-07-17",
      "csi_value": 72
    },
    {
      "xLabel": "2021-07-18",
      "csi_value": 74
    },
    {
      "xLabel": "2021-07-19",
      "csi_value": 70
    },
    {
      "xLabel": "2021-07-20",
      "csi_value": 65
    },
    {
      "xLabel": "2021-07-21",
      "csi_value": 70
    },
    {
      "xLabel": "2021-07-22",
      "csi_value": 65
    },
    {
      "xLabel": "2021-07-23",
      "csi_value": 66
    },
    {
      "xLabel": "2021-07-24",
      "csi_value": 65
    },
    {
      "xLabel": "2021-07-25",
      "csi_value": 65
    },
    {
      "xLabel": "2021-07-26",
      "csi_value": 62
    },
    {
      "xLabel": "2021-07-27",
      "csi_value": 65
    },
    {
      "xLabel": "2021-07-28",
      "csi_value": 65
    },
    {
      "xLabel": "2021-07-29",
      "csi_value": 75
    },
    {
      "xLabel": "2021-07-30",
      "csi_value": 83
    }
  ]
}
